format,file_size_original,file_size_compressed,psnr,ssim,mse,rmse,uqi,sam,vifp,brisque,laplacian_var,vein_contrast,vein_ssim,frangi_similarity,lbp_similarity,wavelet_energy
JPEG,53759,2906,34.381764843421976,0.8786158415956908,23.708489017210145,4.86913637282939,0.9878971022057783,0.04830603270239345,0.3875150224543518,91.84417665513874,108.98147882911444,-0.26011210346831387,0.8786158415956908,0.9879313352712928,0.43280825407608703,0.9338412818481862
JPEG2000,53759,243,11.833476449101788,0.6664148028504555,4263.170636605525,65.2929600845721,0.716042443488183,0.5287423130199068,0.0,,0.0,,0.6664148028504555,,0.15755915987318841,0.0
JPEGXR,53759,1962,40.132705814939484,0.958650450085011,6.3068104619565215,2.5113363896452663,0.9684899869221184,0.02484113474337816,0.6232182764391886,77.05731395972609,155.6385758713348,-3.628165056366739,0.958650450085011,0.9984431770617765,0.576957370923913,0.9479667825538306
JPEGXL,53759,1917,38.799725515947856,0.9619529328369116,8.572506227355072,2.9278842578481603,0.9693049149546168,0.02903854252289908,0.6216921640690131,84.54725220911106,118.1835701895271,-6.47693595523596,0.9619529328369116,0.995965713400186,0.6124462182971014,0.9494086770939694
