format,file_size_original,file_size_compressed,psnr,ssim,mse,rmse,uqi,sam,vifp,brisque,laplacian_var,vein_contrast,vein_ssim,frangi_similarity,lbp_similarity,wavelet_energy
JPEG,53759,2906,34.381764843421976,0.8786158415956908,23.708489017210145,4.86913637282939,0.9878971022057783,0.04830603270239345,0.3875150224543518,91.84417665513874,108.98147882911444,-0.26011210346831387,0.8786158415956908,0.9879313352712928,0.43280825407608703,0.9338412818481862
JPEG2000,53759,243,11.833476449101788,0.6664148028504555,4263.170636605525,65.2929600845721,0.716042443488183,0.5287423130199068,0.0,,0.0,,0.6664148028504555,,0.15755915987318841,0.0
